testName,output,vmIpAddr,cpuType,cpuMhz,sampleTime,elapsedTime,cputime,dsr,dsw,nbr,nbs,cpuusr,cpukrn,cpuidle,cpuIoWait,cIntSrvc,cSftIntSrvc,cCtxtSw,cpuNice,cpuSteal,dskRds,dskMrgdRds,dskReadTm,dskWrts,dskMrgdWrts,dskWrtTm,ldAvg,time
,27143,10.0.1.110,Intel(R) Xeon(R) CPU E5-2650 0 @ 2.00GHz,1795.672,1.51E+09,80,24374,1328,1464,54759,98089,23884,490,7868,1,0,1,61275,0,1,17,0,40,117,66,4,5.35,80
,27218,10.0.1.111,Intel(R) Xeon(R) CPU E5-2650 0 @ 2.00GHz,1795.672,1.51E+09,79,24337,1328,1296,52979,95459,23827,510,7519,2,0,0,60430,0,4,17,0,88,97,65,8,4.84,79
,26984,10.0.1.12,Intel(R) Xeon(R) CPU E5-2650 0 @ 2.00GHz,1795.672,1.51E+09,80,24418,1328,1304,55289,100120,23838,580,7734,1,0,1,61834,0,6,17,0,28,99,64,24,4.95,80
,27195,10.0.1.122,Intel(R) Xeon(R) CPU E5-2650 0 @ 2.00GHz,1795.673,1.51E+09,80,24377,1328,1592,55059,98575,23912,465,7766,2,0,0,63041,0,2,17,0,148,108,91,12,5.26,80
,27094,10.0.1.128,Intel(R) Xeon(R) CPU E5-2650 0 @ 2.00GHz,1795.673,1.51E+09,80,24417,1328,1320,55493,99769,23853,564,7725,2,0,1,62217,0,2,17,0,128,95,70,4,4.8,80
,27203,10.0.1.129,Intel(R) Xeon(R) CPU E5-2650 0 @ 2.00GHz,1795.672,1.51E+09,80,24387,1328,1328,53869,96475,23822,565,7763,1,0,0,60186,0,2,17,0,72,96,70,12,4.65,80
,27393,10.0.1.134,Intel(R) Xeon(R) CPU E5-2650 0 @ 2.00GHz,1799.999,1.51E+09,85,24444,1328,1400,58383,105175,23885,559,9786,2,0,2,64376,0,2,17,0,72,101,74,0,4.84,85
,26792,10.0.1.135,Intel(R) Xeon(R) CPU E5-2650 0 @ 2.00GHz,1799.999,1.51E+09,80,24421,1328,1280,54372,97819,23816,605,7801,3,0,1,62007,0,31,17,0,72,96,64,4,4.87,80
,27387,10.0.1.141,Intel(R) Xeon(R) CPU E5-2650 0 @ 2.00GHz,1795.672,1.51E+09,80,24398,1328,1472,57501,103201,23897,501,7952,3,0,1,62361,0,2,17,0,104,103,81,8,4.79,80
,27919,10.0.1.143,Intel(R) Xeon(R) CPU E5-2650 0 @ 2.00GHz,1799.999,1.51E+09,80,24428,1328,1432,56331,101317,23900,528,7816,2,0,3,62614,0,1,17,0,88,101,78,220,5.26,80
,27388,10.0.1.146,Intel(R) Xeon(R) CPU E5-2650 0 @ 2.00GHz,1799.999,1.51E+09,80,24393,1328,1448,56001,100309,23864,529,7854,0,0,1,61319,0,1,17,0,16,99,82,4,5.02,80
,27186,10.0.1.15,Intel(R) Xeon(R) CPU E5-2650 0 @ 2.00GHz,1800,1.51E+09,80,24374,1328,1648,55161,98756,23846,528,7881,1,0,1,63853,0,3,17,0,32,124,82,8,4.85,80
,26589,10.0.1.153,Intel(R) Xeon(R) CPU E5-2650 0 @ 2.00GHz,1795.673,1.51E+09,79,24358,1328,1280,51761,93384,23848,510,7494,2,0,2,60434,0,4,17,0,24,95,65,16,4.26,79
,27167,10.0.1.157,Intel(R) Xeon(R) CPU E5-2650 0 @ 2.00GHz,1800,1.51E+09,80,24380,1328,1400,52911,94411,23896,484,7867,1,0,1,59950,0,2,17,0,52,99,76,4,5.13,80
,27895,10.0.1.160,Intel(R) Xeon(R) CPU E5-2650 0 @ 2.00GHz,1800,1.51E+09,80,24364,1328,1536,53262,94970,23880,484,7493,2,0,2,62309,0,2,17,0,52,106,86,0,4.56,80
,27711,10.0.1.163,Intel(R) Xeon(R) CPU E5-2650 0 @ 2.00GHz,1795.672,1.51E+09,80,24432,1328,1288,55129,100032,23864,568,7722,4,0,1,62127,0,2,17,0,136,97,64,4,5.47,80
,27423,10.0.1.164,Intel(R) Xeon(R) CPU E5-2650 0 @ 2.00GHz,1800,1.51E+09,78,24357,1328,1496,52623,94554,23848,509,7025,2,0,1,60541,0,1,17,0,52,111,76,12,4.57,78
,27570,10.0.1.168,Intel(R) Xeon(R) CPU E5-2650 0 @ 2.00GHz,1799.999,1.51E+09,80,24417,1328,1256,55417,99613,23923,494,7829,2,0,0,61741,0,1,17,0,52,97,60,4,5.35,80
,27554,10.0.1.171,Intel(R) Xeon(R) CPU E5-2650 0 @ 2.00GHz,1795.673,1.51E+09,80,24400,1328,1352,54652,98764,23856,544,7747,2,0,0,61413,0,1,17,0,48,97,72,0,4.74,80
,27676,10.0.1.176,Intel(R) Xeon(R) CPU E5-2650 0 @ 2.00GHz,1799.999,1.51E+09,80,24402,1328,1496,55645,99883,23912,490,7955,2,0,1,61574,0,2,17,0,52,101,86,4,4.7,80
,27285,10.0.1.177,Intel(R) Xeon(R) CPU E5-2650 0 @ 2.00GHz,1800,1.51E+09,85,24454,1328,1544,60130,108403,23926,528,9690,3,0,1,65787,0,1,17,0,72,111,82,4,4.45,85
,27202,10.0.1.179,Intel(R) Xeon(R) CPU E5-2650 0 @ 2.00GHz,1799.999,1.51E+09,80,24386,1328,1392,52978,94861,23852,534,7862,3,0,1,60673,0,2,17,0,104,108,66,8,4.92,80
,27134,10.0.1.18,Intel(R) Xeon(R) CPU E5-2650 0 @ 2.00GHz,1799.999,1.51E+09,80,24415,1328,1296,55645,100403,23855,560,7832,3,0,1,62042,0,10,17,0,96,98,64,8,4.66,80
,27295,10.0.1.193,Intel(R) Xeon(R) CPU E5-2650 0 @ 2.00GHz,1795.673,1.51E+09,80,24409,1328,1552,57018,102019,23853,556,7735,3,0,0,63897,0,2,17,0,92,107,87,4,4.39,80
,27634,10.0.1.198,Intel(R) Xeon(R) CPU E5-2650 0 @ 2.00GHz,1799.999,1.51E+09,85,24457,1328,1432,58555,105327,23885,572,9608,2,0,0,63900,0,2,17,0,44,104,75,28,4.43,85
,27603,10.0.1.205,Intel(R) Xeon(R) CPU E5-2650 0 @ 2.00GHz,1799.999,1.51E+09,80,24381,1328,1568,53869,96407,23877,504,7767,2,0,1,60199,0,1,17,0,64,111,85,0,4.81,80
,27776,10.0.1.211,Intel(R) Xeon(R) CPU E5-2650 0 @ 2.00GHz,1799.999,1.51E+09,80,24408,1328,1424,54911,98269,23869,539,7835,4,0,1,61631,0,1,17,0,104,100,78,12,5.17,80
,27733,10.0.1.217,Intel(R) Xeon(R) CPU E5-2650 0 @ 2.00GHz,1795.672,1.51E+09,80,24382,1328,1376,54575,98179,23902,480,7971,1,0,2,61256,0,0,17,0,52,96,76,4,5.21,80
,27800,10.0.1.230,Intel(R) Xeon(R) CPU E5-2650 0 @ 2.00GHz,1795.673,1.51E+09,84,24436,1328,1448,58159,105318,23906,530,9333,10,0,1,63240,0,1,17,0,216,104,77,4,4.6,84
,27092,10.0.1.232,Intel(R) Xeon(R) CPU E5-2650 0 @ 2.00GHz,1795.673,1.51E+09,80,24360,1328,1384,54579,97999,23871,489,7893,4,0,1,61224,0,1,17,0,56,101,72,0,5,80
,27304,10.0.1.234,Intel(R) Xeon(R) CPU E5-2650 0 @ 2.00GHz,1800,1.51E+09,84,24468,1328,1544,56459,102017,23896,572,9418,2,0,1,62337,0,1,17,0,36,116,77,4,4.68,84
,27161,10.0.1.239,Intel(R) Xeon(R) CPU E5-2650 0 @ 2.00GHz,1800,1.51E+09,80,24373,1328,1416,53909,96741,23878,495,7767,1,0,2,60967,0,2,17,0,68,101,76,12,4.84,80
,27062,10.0.1.246,Intel(R) Xeon(R) CPU E5-2650 0 @ 2.00GHz,1795.673,1.51E+09,84,24438,1328,1560,57059,102799,23884,554,9352,2,0,1,63049,0,2,17,0,96,114,81,4,4.48,84
,27423,10.0.1.250,Intel(R) Xeon(R) CPU E5-2650 0 @ 2.00GHz,1795.673,1.51E+09,80,24405,1328,1368,54476,97874,23839,566,7834,1,0,1,61921,0,3,17,0,32,97,74,16,4.89,80
,27471,10.0.1.251,Intel(R) Xeon(R) CPU E5-2650 0 @ 2.00GHz,1795.672,1.51E+09,80,24390,1328,1504,56407,101407,23862,528,7851,2,0,2,62629,0,2,17,0,76,110,78,0,4.45,80
,27374,10.0.1.252,Intel(R) Xeon(R) CPU E5-2650 0 @ 2.00GHz,1795.673,1.51E+09,80,24372,1328,1344,54759,98089,23871,501,7785,1,0,2,61227,0,1,17,0,48,100,68,8,4.81,80
,27430,10.0.1.253,Intel(R) Xeon(R) CPU E5-2650 0 @ 2.00GHz,1795.672,1.51E+09,80,24392,1328,1280,52546,94411,23888,504,7847,2,0,1,60788,0,2,17,0,64,96,64,0,4.75,80
,25283,10.0.1.254,Intel(R) Xeon(R) CPU E5-2650 0 @ 2.00GHz,1795.672,1.51E+09,80,24330,1328,1296,53082,94861,23769,561,7844,2,0,1,60094,0,126,17,0,68,93,69,4,4.8,80
,26962,10.0.1.30,Intel(R) Xeon(R) CPU E5-2650 0 @ 2.00GHz,1795.673,1.51E+09,80,24388,1328,1336,55545,99701,23873,515,7770,1,0,1,61560,0,0,17,0,104,97,70,0,4.37,80
,27240,10.0.1.40,Intel(R) Xeon(R) CPU E5-2650 0 @ 2.00GHz,1799.999,1.51E+09,80,24397,1328,1504,56817,101659,23872,525,7840,6,0,1,64088,0,2,17,0,160,115,73,4,4.42,80
,27123,10.0.1.48,Intel(R) Xeon(R) CPU E5-2650 0 @ 2.00GHz,1795.674,1.51E+09,80,24295,1328,1320,50089,89389,23845,450,7954,2,0,2,58002,0,1,17,0,96,96,69,8,5.1,80
,27432,10.0.1.52,Intel(R) Xeon(R) CPU E5-2650 0 @ 2.00GHz,1799.999,1.51E+09,80,24386,1328,1376,54707,98089,23886,500,7871,2,0,0,61115,0,1,17,0,40,97,75,8,4.19,80
,27545,10.0.1.54,Intel(R) Xeon(R) CPU E5-2650 0 @ 2.00GHz,1799.999,1.51E+09,80,24427,1328,1520,56103,100405,23878,549,7708,0,0,1,64012,0,2,17,0,76,107,83,144,4.66,80
,26141,10.0.1.57,Intel(R) Xeon(R) CPU E5-2650 0 @ 2.00GHz,1795.673,1.51E+09,85,24464,1328,1496,58332,104874,23885,579,9709,2,0,4,64700,0,1,17,0,28,105,82,16,4.42,85
,27250,10.0.1.65,Intel(R) Xeon(R) CPU E5-2650 0 @ 2.00GHz,1799.999,1.51E+09,85,24439,1328,1416,58311,104905,23886,553,9714,4,0,2,64494,0,2,17,0,128,105,72,8,4.38,85
,27765,10.0.1.70,Intel(R) Xeon(R) CPU E5-2650 0 @ 2.00GHz,1799.999,1.51E+09,85,24461,1328,1456,58339,104815,23904,557,9784,2,0,0,63474,0,1,17,0,84,113,69,0,4.51,85
,27311,10.0.1.75,Intel(R) Xeon(R) CPU E5-2650 0 @ 2.00GHz,1795.673,1.51E+09,79,24370,1328,1296,52751,94591,23843,527,7483,5,0,2,60582,0,1,17,0,156,97,65,16,4.72,79
,27194,10.0.1.82,Intel(R) Xeon(R) CPU E5-2650 0 @ 2.00GHz,1799.999,1.51E+09,79,24408,1328,1352,54603,98089,23872,536,7486,3,0,2,61557,0,1,17,0,108,97,72,4,5.63,79
,27644,10.0.1.9,Intel(R) Xeon(R) CPU E5-2650 0 @ 2.00GHz,1799.999,1.51E+09,78,24361,1328,1656,54016,96727,23888,473,7033,2,0,0,62664,0,2,17,0,76,121,86,0,4.68,78
,26855,10.0.1.98,Intel(R) Xeon(R) CPU E5-2650 0 @ 2.00GHz,1795.672,1.51E+09,80,24364,1328,1312,54624,98753,23870,494,7752,3,0,1,60712,0,1,17,0,64,99,65,0,4.72,80
TOTAL,,,,,,,1219894,66400,70856,2759950,4958056,1193556,26338,403925,117,0,56,3099423,0,247,850,0,3864,5155,3702,680,5.044219,80
AVERAGE,,,,,,,24397.88,1328,1417.12,55199,99161.12,23871.12,526.76,8078.5,2.34,0,1.12,61988.46,0,4.94,17,0,77.28,103.1,74.04,13.6,0.100884,1